timestamp,x,y,z
19,-348,228,799
40,-333,232,810
61,-238,216,801
81,-271,225,853
102,-303,256,975
122,-310,244,969
143,-402,237,931
163,-483,253,896
183,-520,240,850
204,-476,247,839
224,-479,240,773
245,-606,190,731
265,-736,225,815
285,-695,255,874
306,-549,94,815
326,-595,46,746
347,-797,103,784
367,-819,181,819
388,-618,312,810
408,-509,409,694
428,-590,356,712
449,-703,309,569
469,-756,241,509
490,-838,226,462
510,-839,215,506
531,-791,253,408
551,-661,248,261
572,-533,117,176
593,-714,51,-87
613,-968,-52,58
633,-930,123,356
654,-850,193,300
674,-812,67,255
695,-853,8,267
715,-907,-19,381
736,-1164,-31,367
756,-1256,7,237
777,-1009,24,137
797,-799,6,132
818,-652,-3,192
838,-729,-91,181
859,-882,-287,133
879,-983,-364,-12
900,-1186,-361,-166
920,-1101,-328,-161
941,-792,-291,-39
961,-681,-338,-30
982,-844,-466,-121
1002,-951,-514,-152
1023,-823,-465,-132
1044,-698,-553,-99
1064,-612,-650,-92
1085,-548,-716,-98
1106,-549,-839,-95
1126,-659,-971,-121
1147,-757,-1044,-156
1167,-676,-1039,-139
1188,-557,-1028,-122
1209,-488,-1030,-109
1229,-432,-1032,-69
1250,-486,-986,-92
1270,-556,-1095,-56
1291,-465,-1372,-58
1312,-589,-1402,0
1332,-479,-914,-23
1353,-443,-722,-18
1374,-455,-711,-20
1394,-523,-887,-10
1415,-523,-1004,-4
1435,-451,-1016,1
1456,-416,-1010,-16
1477,-368,-994,-27
1497,-315,-970,-36
1518,-323,-930,-66
1538,-341,-884,-76
1559,-324,-829,-67
1580,-315,-791,-62
1600,-330,-756,-62
1621,-356,-743,-65
1642,-353,-721,-64
1662,-330,-687,-57
1683,-303,-672,-37
1703,-297,-688,-38
1724,-317,-745,-49
1745,-302,-811,-36
1765,-290,-849,-33
1786,-299,-921,-44
1806,-321,-1026,-48
1827,-347,-1127,-55
1848,-374,-1178,-87
1868,-384,-1163,-95
1889,-404,-1307,-86
1910,-422,-1346,-139
1930,-419,-1048,-171
1951,-429,-893,-184
1971,-318,-762,-125
1992,-302,-789,-182
2013,-270,-809,-96
2033,-299,-935,-94
2054,-310,-1025,-127
2075,-294,-1001,-126
2095,-326,-953,-131
2116,-380,-943,-142
2136,-401,-914,-155
2157,-385,-880,-154
2178,-334,-839,-114
2198,-315,-776,-98
2219,-314,-736,-92
2240,-312,-728,-91
2260,-346,-759,-80
2281,-377,-784,-74
2301,-377,-806,-61
2322,-378,-833,-42
2343,-394,-823,-38
2363,-421,-813,-34
2384,-446,-835,-29
2405,-459,-888,-9
2425,-476,-953,8
2446,-473,-992,14
2466,-460,-1123,25
2487,-651,-1486,38
2508,-599,-1361,-23
2528,-370,-1030,-34
2549,-325,-944,-22
2570,-409,-877,-41
2590,-467,-809,-42
2611,-436,-824,-36
2631,-385,-913,-24
2652,-336,-947,-15
2673,-263,-970,-7
2693,-234,-956,-17
2714,-234,-938,-24
2735,-245,-926,-19
2755,-243,-895,-4
2776,-225,-782,-1
2796,-237,-698,-6
2817,-268,-688,-11
2838,-273,-724,3
2858,-269,-765,20
2879,-276,-784,21
2899,-287,-807,11
2920,-297,-825,3
2941,-303,-847,-5
2961,-333,-878,-19
2982,-379,-950,-26
3003,-396,-1036,-26
3023,-398,-1096,-42
3044,-395,-1078,-59
3064,-362,-978,-73
3085,-373,-1072,-46
3106,-400,-1418,-63
3126,-416,-1373,-119
3147,-413,-993,-130
3168,-445,-758,-126
3188,-461,-643,-136
3209,-382,-659,-112
3229,-307,-873,-73
3250,-325,-1040,-65
3271,-308,-1100,-87
3291,-265,-1044,-94
3312,-297,-932,-118
3333,-390,-840,-104
3353,-361,-832,-74
3374,-337,-832,-63
3394,-334,-822,-63
3415,-354,-808,-54
3436,-362,-795,-54
3456,-359,-808,-51
3477,-376,-837,-35
3497,-384,-860,-28
3518,-373,-874,-22
3539,-377,-877,-17
3559,-395,-865,-19
3580,-428,-869,-12
3601,-460,-877,7
3621,-463,-855,21
3641,-455,-864,32
3662,-456,-894,46
3682,-463,-910,54
3703,-457,-906,58
3723,-431,-972,81
3744,-486,-1262,87
3764,-503,-1407,53
3785,-353,-1175,53
3805,-316,-923,34
3826,-422,-743,4
3846,-474,-711,5
3867,-481,-843,11
3887,-462,-953,12
3907,-413,-1011,9
3928,-378,-1021,7
3948,-368,-978,-2
3969,-344,-906,-10
3989,-338,-885,-12
4010,-347,-891,-8
4030,-335,-847,-7
4051,-297,-770,-4
4071,-276,-731,-2
4091,-297,-718,-12
4112,-316,-751,-8
4132,-267,-819,13
4153,-274,-837,0
4173,-280,-841,-10
4194,-291,-825,-24
4214,-312,-871,-26
4235,-329,-917,-31
4255,-368,-933,-22
4276,-382,-1005,-28
4296,-390,-1024,-44
4317,-393,-1021,-20
4337,-409,-1236,11
4357,-416,-1330,-24
4378,-390,-1122,-43
4398,-399,-925,-67
4419,-490,-879,-62
4439,-498,-778,-52
4460,-472,-718,-15
4480,-467,-839,-2
4501,-438,-980,-38
4521,-378,-1024,-80
4542,-349,-1014,-92
4562,-390,-951,-85
4582,-441,-893,-70
4603,-457,-885,-60
4623,-444,-854,-54
4644,-435,-793,-47
4664,-419,-735,-42
4685,-386,-706,-38
4705,-376,-710,-34
4726,-414,-759,-36
4746,-432,-796,-32
4767,-408,-798,-21
4787,-387,-819,-14
4808,-369,-851,-2
4828,-370,-859,4
4849,-407,-895,15
4870,-423,-961,22
4890,-447,-1001,23
4911,-469,-1003,17
4931,-478,-990,18
4952,-441,-1024,34
4973,-604,-1221,33
4993,-405,-1110,37
5014,-415,-1012,20
5035,-466,-847,2
5055,-423,-736,16
5076,-411,-791,43
5096,-446,-905,47
5117,-422,-950,56
5138,-377,-977,63
5158,-349,-971,54
5179,-293,-912,34
5200,-263,-848,18
5220,-282,-807,15
5241,-304,-793,12
5261,-296,-780,9
5282,-280,-758,9
5303,-274,-736,1
5323,-277,-757,-6
5344,-291,-784,-21
5365,-312,-819,-36
5385,-324,-839,-44
5406,-332,-841,-53
5426,-342,-839,-62
5447,-358,-864,-66
5468,-375,-926,-64
5488,-386,-998,-66
5509,-389,-1017,-83
5529,-394,-949,-110
5550,-398,-927,-84
5571,-423,-1232,-56
5591,-456,-1390,-101
5612,-424,-1130,-117
5633,-395,-795,-80
5653,-381,-731,-65
5674,-437,-865,-40
5694,-493,-1019,-48
5715,-451,-1029,-76
5736,-367,-1005,-102
5756,-365,-974,-108
5777,-405,-922,-98
5798,-413,-836,-81
5818,-412,-775,-71
5839,-415,-727,-78
5859,-404,-694,-94
5880,-381,-695,-96
5901,-357,-735,-75
5921,-358,-792,-64
5942,-369,-832,-56
5963,-381,-858,-51
5983,-388,-876,-43
6004,-402,-880,-40
6024,-421,-855,-41
6045,-437,-847,-41
6066,-440,-873,-28
6086,-439,-913,-20
6107,-438,-932,-17
6128,-442,-893,-23
6148,-444,-940,-4
6169,-487,-1279,1
6190,-495,-1391,-48
6210,-431,-1127,-50
6231,-415,-906,-48
6251,-404,-785,-84
6272,-405,-762,-79
6293,-429,-1034,-69
6313,-392,-1041,-75
6334,-365,-1030,-87
6355,-360,-969,-109
6375,-347,-903,-99
6396,-321,-893,-79
6416,-309,-892,-75
6437,-299,-870,-79
6458,-297,-810,-86
6478,-297,-749,-94
6499,-299,-715,-93
6519,-303,-720,-80
6540,-308,-745,-65
6561,-307,-766,-71
6581,-280,-815,-79
6602,-324,-820,-101
6622,-392,-837,-82
6643,-353,-842,-80
6664,-352,-890,-77
6684,-375,-936,-70
6705,-389,-967,-70
6726,-397,-976,-69
6746,-421,-954,-73
6767,-441,-918,-79
6787,-428,-942,-51
6808,-401,-1214,-12
6829,-433,-1373,-46
6849,-431,-1178,-69
6870,-400,-970,-58
6891,-425,-854,-66
6911,-473,-729,-84
6932,-472,-669,-58
6952,-438,-929,-48
6973,-385,-1010,-81
6994,-337,-1044,-90
7014,-345,-1006,-86
7035,-383,-940,-70
7056,-386,-892,-55
7076,-387,-850,-57
7097,-399,-796,-51
7118,-402,-759,-51
7138,-412,-751,-56
7159,-414,-773,-67
7179,-401,-792,-72
7200,-379,-830,-67
7221,-362,-837,-68
7241,-358,-830,-79
7262,-362,-830,-88
7282,-368,-830,-100
7303,-390,-845,-101
7324,-425,-890,-95
7344,-450,-941,-98
7365,-442,-958,-107
7386,-405,-921,-97
7406,-401,-890,-73
7427,-431,-1031,-47
7447,-421,-1261,-51
7468,-579,-1191,-11
7489,-633,-936,3
7509,-498,-927,19
7530,-500,-932,34
7551,-562,-837,18
7571,-553,-849,0
7592,-370,-971,33
7612,-243,-1020,17
7633,-369,-962,-22
7654,-371,-871,-8
7674,-285,-866,0
7695,-319,-873,-7
7716,-361,-858,-19
7736,-330,-845,-30
7757,-311,-784,-30
7777,-301,-832,-38
7798,-309,-828,-45
7819,-323,-780,-69
7839,-302,-819,-55
7860,-286,-890,-39
7881,-296,-854,-66
7901,-300,-831,-76
7922,-300,-803,-89
7943,-408,-842,-50
7963,-557,-866,26
7984,-641,-859,35
8004,-602,-860,46
8025,-696,-855,43
8046,-802,-854,49
8066,-816,-845,47
8087,-772,-828,50
8107,-788,-923,94
8128,-827,-1148,71
8149,-755,-1040,23
8169,-673,-768,24
8190,-660,-649,30
8211,-619,-671,13
8231,-534,-732,19
8252,-484,-842,76
8272,-542,-1010,71
8293,-532,-1056,103
8314,-537,-940,179
8334,-662,-766,233
8355,-809,-812,188
8375,-754,-754,253
8396,-766,-650,396
8416,-792,-641,482
8437,-728,-622,434
8458,-839,-621,472
8478,-885,-482,556
8499,-767,-338,508
8520,-761,-316,598
8540,-692,-138,569
8561,-629,-185,535
8581,-691,-201,535
8602,-681,-180,479
8623,-607,-119,514
8643,-507,-122,521
8664,-583,-143,609
8685,-584,-100,679
8705,-532,-72,757
8726,-547,-80,761
8747,-657,-86,812
8767,-616,-92,696
8788,-359,-121,697
8808,-247,-123,693
8829,-467,-139,726
8850,-775,-62,759
8870,-578,27,839
8891,-359,15,845
8912,-489,20,893
8932,-528,27,762
8953,-151,52,852
8973,-401,90,801
8994,-602,82,743
9014,-458,84,865
9035,-369,16,955
9055,-571,-12,886
9076,-560,66,905
9096,-424,14,967
9117,-482,-36,925
9138,-584,16,867
9158,-548,22,864
9179,-431,3,914
9200,-450,1,884
9220,-487,35,873
9241,-440,0,905
9262,-352,-4,886
9282,-402,14,857
9303,-458,21,890
9323,-385,12,921
9344,-364,31,903
9365,-481,74,869
9385,-479,65,907
9406,-398,4,924
9426,-484,4,843
9447,-531,41,879
9468,-445,3,911
9488,-434,-16,869
9509,-499,19,848
9530,-511,16,877
9550,-461,12,904
9571,-463,51,875
9591,-518,86,823
9612,-463,26,900
9633,-485,36,843
9653,-458,63,848
9674,-399,29,873
9695,-400,4,889
9715,-429,10,871
9736,-424,32,854
9756,-463,37,878
9777,-490,46,898
9798,-491,45,893
9818,-493,37,883
9839,-473,31,888
9860,-423,1,912
9880,-406,-19,908
9901,-402,0,903
9921,-436,23,896
9942,-460,31,882
9963,-443,37,878
9983,-406,20,907
10004,-410,23,925
10025,-448,46,916
10045,-455,43,904
10066,-418,28,883
